False Positive Rate,True Positive Rate,Threshold
0.0,0.0,inf
0.20134228187919462,0.5490196078431373,1.0
0.2080536912751678,0.5686274509803921,0.9090909090909091
0.2550335570469799,0.6470588235294118,0.8333333333333334
0.2684563758389262,0.6470588235294118,0.7142857142857143
1.0,1.0,0.0
