False Positive Rate,True Positive Rate,Threshold
0.0,0.0,inf
0.17,0.46,0.5369649805447471
0.5028571428571429,0.8466666666666667,0.332378223495702
0.5671428571428572,0.91,0.296875
1.0,1.0,0.08181818181818182
