False Positive Rate,True Positive Rate,Threshold
0.0,0.0,inf
0.5033557046979866,0.9019607843137255,0.8807970779778823
1.0,1.0,0.11920292202211755
